"sample_name","replicate","pool","batch","peak","RT_t0","RT_t24","Area_t0","Area_t24","metric","value","median_value","iqr_value"
"AB",1,"p1","b1","acesulfame",4.1,3.9,4.8,6,"relative_removal",-25,4.65034965034965,19.7370408564244
"AB",1,"p1","b1","atenolol",9.2,9.2,3.3,3.3,"relative_removal",0,-2.17391304347826,17.9163278214512
"AB",1,"p1","b1","chlorpropham",21.3,21.3,7.4,6.5,"relative_removal",12.1621621621622,41.5559772296015,29.3464947055372
"AB",1,"p1","b2","acesulfame",4.2,4,4.1,4.4,"relative_removal",-7.31707317073172,4.65034965034965,19.7370408564244
"AB",1,"p1","b2","atenolol",9.2,9.2,2.2,2.4,"relative_removal",-9.09090909090908,-2.17391304347826,17.9163278214512
"AB",1,"p1","b2","chlorpropham",21.3,21.3,9.9,5,"relative_removal",49.4949494949495,41.5559772296015,29.3464947055372
"AB",1,"p1","b3","acesulfame",4.1,3.9,4.4,5.1,"relative_removal",-15.9090909090909,4.65034965034965,19.7370408564244
"AB",1,"p1","b3","atenolol",9.2,9.2,2.4,2.8,"relative_removal",-16.6666666666667,-2.17391304347826,17.9163278214512
"AB",1,"p1","b3","chlorpropham",21.3,21.3,11,4.2,"relative_removal",61.8181818181818,41.5559772296015,29.3464947055372
"AB",1,"p1","b4","acesulfame",4.2,4.2,3.8,4.4,"relative_removal",-15.7894736842105,4.65034965034965,19.7370408564244
"AB",1,"p1","b4","atenolol",9.2,9.2,2.3,2.4,"relative_removal",-4.34782608695653,-2.17391304347826,17.9163278214512
"AB",1,"p1","b4","chlorpropham",21.3,21.3,8.6,6.7,"relative_removal",22.0930232558139,41.5559772296015,29.3464947055372
"AB",1,"p2","b1","rufinamide",12.9,13,21.5,10.5,"relative_removal",51.1627906976744,-0.431034482758619,33.1143439268908
"AB",1,"p2","b2","rufinamide",12.9,13,10.1,10.1,"relative_removal",0,-0.431034482758619,33.1143439268908
"AB",1,"p2","b3","rufinamide",12.9,13,11.4,10.7,"relative_removal",6.14035087719299,-0.431034482758619,33.1143439268908
"AB",1,"p2","b4","rufinamide",13,13,11.6,11.7,"relative_removal",-0.862068965517238,-0.431034482758619,33.1143439268908
"AB",2,"p1","b1","acesulfame",4.1,4,5.1,4.2,"relative_removal",17.6470588235294,4.65034965034965,19.7370408564244
"AB",2,"p1","b1","atenolol",9.1,9.1,3.1,3.4,"relative_removal",-9.6774193548387,-2.17391304347826,17.9163278214512
"AB",2,"p1","b1","chlorpropham",21,21,9.3,5.4,"relative_removal",41.9354838709677,41.5559772296015,29.3464947055372
"AB",2,"p1","b2","acesulfame",4.1,4.2,5.8,5.3,"relative_removal",8.62068965517241,4.65034965034965,19.7370408564244
"AB",2,"p1","b2","atenolol",9.2,9.2,3.4,3.1,"relative_removal",8.8235294117647,-2.17391304347826,17.9163278214512
"AB",2,"p1","b2","chlorpropham",21.3,21.3,4.8,2.6,"relative_removal",45.8333333333333,41.5559772296015,29.3464947055372
"AB",2,"p1","b3","acesulfame",4,4.1,5.8,5,"relative_removal",13.7931034482759,4.65034965034965,19.7370408564244
"AB",2,"p1","b3","atenolol",9.1,9.1,3.5,3.3,"relative_removal",5.71428571428572,-2.17391304347826,17.9163278214512
"AB",2,"p1","b3","chlorpropham",21,21,3.2,3.2,"relative_removal",0,41.5559772296015,29.3464947055372
"AB",2,"p1","b4","acesulfame",4.1,4.1,4.3,4,"relative_removal",6.97674418604651,4.65034965034965,19.7370408564244
"AB",2,"p1","b4","atenolol",9.2,9.2,2.6,2.5,"relative_removal",3.84615384615385,-2.17391304347826,17.9163278214512
"AB",2,"p1","b4","chlorpropham",21.2,21.2,11.3,6.5,"relative_removal",42.4778761061947,41.5559772296015,29.3464947055372
"AB",2,"p2","b1","rufinamide",12.9,12.9,21.5,10.8,"relative_removal",49.7674418604651,-0.431034482758619,33.1143439268908
"AB",2,"p2","b2","rufinamide",12.8,12.9,7.4,10.7,"relative_removal",-44.5945945945946,-0.431034482758619,33.1143439268908
"AB",2,"p2","b3","rufinamide",12.9,12.9,8.8,9.6,"relative_removal",-9.09090909090908,-0.431034482758619,33.1143439268908
"AB",2,"p2","b4","rufinamide",12.9,12.9,12,9.7,"relative_removal",19.1666666666667,-0.431034482758619,33.1143439268908
"AB",3,"p1","b1","acesulfame",4,4.1,5.1,4.5,"relative_removal",11.7647058823529,4.65034965034965,19.7370408564244
"AB",3,"p1","b1","atenolol",9.1,9.1,2.9,4,"relative_removal",-37.9310344827586,-2.17391304347826,17.9163278214512
"AB",3,"p1","b1","chlorpropham",21,21,10.2,6,"relative_removal",41.1764705882353,41.5559772296015,29.3464947055372
"AB",3,"p1","b2","acesulfame",4.2,4.1,5.5,5.2,"relative_removal",5.45454545454545,4.65034965034965,19.7370408564244
"AB",3,"p1","b2","atenolol",9.2,9.2,3.3,3,"relative_removal",9.09090909090909,-2.17391304347826,17.9163278214512
"AB",3,"p1","b2","chlorpropham",21.3,21.3,4.7,3.8,"relative_removal",19.1489361702128,41.5559772296015,29.3464947055372
"AB",3,"p1","b3","acesulfame",4.1,4.1,5.2,5,"relative_removal",3.84615384615385,4.65034965034965,19.7370408564244
"AB",3,"p1","b3","atenolol",9.1,9.1,3.6,3.2,"relative_removal",11.1111111111111,-2.17391304347826,17.9163278214512
"AB",3,"p1","b3","chlorpropham",21,21,4.3,3.8,"relative_removal",11.6279069767442,41.5559772296015,29.3464947055372
"AB",3,"p1","b4","acesulfame",4.1,4,4.7,5.1,"relative_removal",-8.51063829787233,4.65034965034965,19.7370408564244
"AB",3,"p1","b4","atenolol",9.2,9.2,2.9,3.5,"relative_removal",-20.6896551724138,-2.17391304347826,17.9163278214512
"AB",3,"p1","b4","chlorpropham",21.2,21.2,8.8,3.2,"relative_removal",63.6363636363636,41.5559772296015,29.3464947055372
"AB",3,"p2","b1","rufinamide",12.9,12.9,21.5,11.5,"relative_removal",46.5116279069767,-0.431034482758619,33.1143439268908
"AB",3,"p2","b2","rufinamide",12.8,12.9,9,9.5,"relative_removal",-5.55555555555556,-0.431034482758619,33.1143439268908
"AB",3,"p2","b3","rufinamide",12.9,12.9,9.3,9.9,"relative_removal",-6.4516129032258,-0.431034482758619,33.1143439268908
"AB",3,"p2","b4","rufinamide",12.9,12.9,8.4,10.3,"relative_removal",-22.6190476190476,-0.431034482758619,33.1143439268908
"P203",1,"p1","b4","acesulfame",4.2,4.2,4.1,3.5,"relative_removal",14.6341463414634,0,18.7456445993031
"P203",1,"p1","b4","atenolol",9.2,9.2,2.5,2.4,"relative_removal",4,-6.24999999999999,8.89655172413793
"P203",1,"p1","b4","chlorpropham",21.3,21.3,7.5,6.2,"relative_removal",17.3333333333333,27.536231884058,14
"P203",1,"p2","b4","rufinamide",13,13,10.1,10.6,"relative_removal",-4.95049504950495,-4.95049504950495,3.39614606621952
"P203",2,"p1","b4","acesulfame",4.1,4,3.5,4.3,"relative_removal",-22.8571428571429,0,18.7456445993031
"P203",2,"p1","b4","atenolol",9.2,9.2,2.9,3.3,"relative_removal",-13.7931034482759,-6.24999999999999,8.89655172413793
"P203",2,"p1","b4","chlorpropham",21.2,21.2,6.9,5,"relative_removal",27.536231884058,27.536231884058,14
"P203",2,"p2","b4","rufinamide",12.9,12.9,10.1,10.5,"relative_removal",-3.96039603960396,-4.95049504950495,3.39614606621952
"P203",3,"p1","b4","acesulfame",4.1,4,4.3,4.3,"relative_removal",0,0,18.7456445993031
"P203",3,"p1","b4","atenolol",9.2,9.2,3.2,3.4,"relative_removal",-6.24999999999999,-6.24999999999999,8.89655172413793
"P203",3,"p1","b4","chlorpropham",21.2,21.2,7.5,4.1,"relative_removal",45.3333333333333,27.536231884058,14
"P203",3,"p2","b4","rufinamide",12.9,12.9,9.3,10.3,"relative_removal",-10.752688172043,-4.95049504950495,3.39614606621952
"P204",1,"p1","b4","acesulfame",4.1,4.1,3.5,3.6,"relative_removal",-2.85714285714286,-2.85714285714286,9.00641025641027
"P204",1,"p1","b4","atenolol",9.2,9.2,2.4,1.7,"relative_removal",29.1666666666667,-23.3333333333333,36.25
"P204",1,"p1","b4","chlorpropham",21.3,21.3,7.8,6.1,"relative_removal",21.7948717948718,66.1971830985915,22.6468679000325
"P204",1,"p2","b4","rufinamide",13,13,10.3,10.8,"relative_removal",-4.85436893203883,-20.7792207792208,8.09913132345426
"P204",2,"p1","b4","acesulfame",4.1,4,3.9,4.7,"relative_removal",-20.5128205128205,-2.85714285714286,9.00641025641027
"P204",2,"p1","b4","atenolol",9.2,9.2,3,4.3,"relative_removal",-43.3333333333333,-23.3333333333333,36.25
"P204",2,"p1","b4","chlorpropham",21.2,21.2,7.1,2.4,"relative_removal",66.1971830985915,66.1971830985915,22.6468679000325
"P204",2,"p2","b4","rufinamide",12.9,12.9,7.6,9.2,"relative_removal",-21.0526315789474,-20.7792207792208,8.09913132345426
"P204",3,"p1","b4","acesulfame",4.1,4.1,4,4.1,"relative_removal",-2.49999999999999,-2.85714285714286,9.00641025641027
"P204",3,"p1","b4","atenolol",9.2,9.2,3,3.7,"relative_removal",-23.3333333333333,-23.3333333333333,36.25
"P204",3,"p1","b4","chlorpropham",21.2,21.2,7.9,2.6,"relative_removal",67.0886075949367,66.1971830985915,22.6468679000325
"P204",3,"p2","b4","rufinamide",12.9,12.9,7.7,9.3,"relative_removal",-20.7792207792208,-20.7792207792208,8.09913132345426
"P205",1,"p1","b4","acesulfame",4.2,4.1,3.6,3.5,"relative_removal",2.77777777777778,2.56410256410257,20.3078078078078
"P205",1,"p1","b4","atenolol",9.2,9.2,2.5,2.4,"relative_removal",4,-7.14285714285715,31.6296296296296
"P205",1,"p1","b4","chlorpropham",21.3,21.3,7.4,6.1,"relative_removal",17.5675675675676,53.2467532467532,29.7297297297297
"P205",1,"p2","b4","rufinamide",13,13,9.8,10.6,"relative_removal",-8.16326530612244,-14.8648648648649,4.35992578849722
"P205",2,"p1","b4","acesulfame",4.1,4,3.7,5.1,"relative_removal",-37.8378378378378,2.56410256410257,20.3078078078078
"P205",2,"p1","b4","atenolol",9.2,9.2,2.7,4.3,"relative_removal",-59.2592592592592,-7.14285714285715,31.6296296296296
"P205",2,"p1","b4","chlorpropham",21.2,21.2,7.4,1.7,"relative_removal",77.027027027027,53.2467532467532,29.7297297297297
"P205",2,"p2","b4","rufinamide",12.9,12.9,7.4,8.5,"relative_removal",-14.8648648648649,-14.8648648648649,4.35992578849722
"P205",3,"p1","b4","acesulfame",4.1,4.1,3.9,3.8,"relative_removal",2.56410256410257,2.56410256410257,20.3078078078078
"P205",3,"p1","b4","atenolol",9.2,9.2,2.8,3,"relative_removal",-7.14285714285715,-7.14285714285715,31.6296296296296
"P205",3,"p1","b4","chlorpropham",21.2,21.2,7.7,3.6,"relative_removal",53.2467532467532,53.2467532467532,29.7297297297297
"P205",3,"p2","b4","rufinamide",12.9,12.9,7.7,9,"relative_removal",-16.8831168831169,-14.8648648648649,4.35992578849722
"P109",1,"p1","b1","acesulfame",4.1,4.2,4.5,4.2,"relative_removal",6.66666666666666,-4.76190476190477,5.77235772357724
"P109",1,"p1","b1","atenolol",9.2,9.2,2.4,2.2,"relative_removal",8.33333333333332,-8.33333333333334,10.6884057971015
"P109",1,"p1","b1","chlorpropham",21.3,21.3,8.2,5.1,"relative_removal",37.8048780487805,42.6829268292683,5.30808729139923
"P109",1,"p2","b1","rufinamide",12.9,13,8.7,8.5,"relative_removal",2.29885057471264,2.29885057471264,7.08354955889985
"P109",2,"p1","b1","acesulfame",4.1,4,4.1,4.3,"relative_removal",-4.87804878048781,-4.76190476190477,5.77235772357724
"P109",2,"p1","b1","atenolol",9.1,9.1,2.4,2.6,"relative_removal",-8.33333333333334,-8.33333333333334,10.6884057971015
"P109",2,"p1","b1","chlorpropham",21,21,8.2,4.7,"relative_removal",42.6829268292683,42.6829268292683,5.30808729139923
"P109",2,"p2","b1","rufinamide",12.9,12.9,9.4,9.1,"relative_removal",3.19148936170214,2.29885057471264,7.08354955889985
"P109",3,"p1","b1","acesulfame",4,4,4.2,4.4,"relative_removal",-4.76190476190477,-4.76190476190477,5.77235772357724
"P109",3,"p1","b1","atenolol",9.1,9.1,2.3,2.6,"relative_removal",-13.0434782608696,-8.33333333333334,10.6884057971015
"P109",3,"p1","b1","chlorpropham",21,21,9.5,4.9,"relative_removal",48.4210526315789,42.6829268292683,5.30808729139923
"P109",3,"p2","b1","rufinamide",12.9,12.9,8.2,9.1,"relative_removal",-10.9756097560976,2.29885057471264,7.08354955889985
"P110",1,"p1","b1","acesulfame",4.2,4,4.4,4.9,"relative_removal",-11.3636363636364,7.14285714285715,12.5
"P110",1,"p1","b1","atenolol",9.2,9.3,2.1,2.4,"relative_removal",-14.2857142857143,0,11.1428571428571
"P110",1,"p1","b1","chlorpropham",21.3,NA,10.1,0,"relative_removal",100,52.2222222222222,26.8292682926829
"P110",1,"p2","b1","rufinamide",12.9,13,10,8.2,"relative_removal",18,-28.5714285714286,23.5833333333333
"P110",2,"p1","b1","acesulfame",4.1,4.1,4.2,3.9,"relative_removal",7.14285714285715,7.14285714285715,12.5
"P110",2,"p1","b1","atenolol",9.2,9.1,2.5,2.3,"relative_removal",8.00000000000001,0,11.1428571428571
"P110",2,"p1","b1","chlorpropham",21,21,8.2,4.4,"relative_removal",46.3414634146341,52.2222222222222,26.8292682926829
"P110",2,"p2","b1","rufinamide",12.9,12.9,7,9,"relative_removal",-28.5714285714286,-28.5714285714286,23.5833333333333
"P110",3,"p1","b1","acesulfame",4.1,4,4.4,3.8,"relative_removal",13.6363636363636,7.14285714285715,12.5
"P110",3,"p1","b1","atenolol",9.1,9.1,2.4,2.4,"relative_removal",0,0,11.1428571428571
"P110",3,"p1","b1","chlorpropham",21,21,9,4.3,"relative_removal",52.2222222222222,52.2222222222222,26.8292682926829
"P110",3,"p2","b1","rufinamide",12.9,12.9,7.2,9.3,"relative_removal",-29.1666666666667,-28.5714285714286,23.5833333333333
"P111",1,"p1","b1","acesulfame",4.2,4,4.3,4.4,"relative_removal",-2.32558139534885,-2.32558139534885,16.8807707747892
"P111",1,"p1","b1","atenolol",9.2,9.3,2,2.2,"relative_removal",-10,-10,17.5925925925926
"P111",1,"p1","b1","chlorpropham",21.3,21.3,9.8,5,"relative_removal",48.9795918367347,48.9795918367347,8.78787878787879
"P111",1,"p2","b1","rufinamide",12.9,13,9,9.6,"relative_removal",-6.66666666666666,-14.9425287356322,7.53623188405797
"P111",2,"p1","b1","acesulfame",4,4,5.3,4.3,"relative_removal",18.8679245283019,-2.32558139534885,16.8807707747892
"P111",2,"p1","b1","atenolol",9.1,9.1,3,2.5,"relative_removal",16.6666666666667,-10,17.5925925925926
"P111",2,"p1","b1","chlorpropham",21,21,9.9,4.2,"relative_removal",57.5757575757576,48.9795918367347,8.78787878787879
"P111",2,"p2","b1","rufinamide",12.9,12.9,6.9,8.4,"relative_removal",-21.7391304347826,-14.9425287356322,7.53623188405797
"P111",3,"p1","b1","acesulfame",4,4,4.7,5.4,"relative_removal",-14.8936170212766,-2.32558139534885,16.8807707747892
"P111",3,"p1","b1","atenolol",9.1,9.1,2.7,3.2,"relative_removal",-18.5185185185185,-10,17.5925925925926
"P111",3,"p1","b1","chlorpropham",21,21,9.5,5.7,"relative_removal",40,48.9795918367347,8.78787878787879
"P111",3,"p2","b1","rufinamide",12.9,12.9,8.7,10,"relative_removal",-14.9425287356322,-14.9425287356322,7.53623188405797
"P113",1,"p1","b1","acesulfame",4.1,4,4.4,4.8,"relative_removal",-9.09090909090908,-16.6666666666667,4.54545454545455
"P113",1,"p1","b1","atenolol",9.2,9.3,2.1,2.4,"relative_removal",-14.2857142857143,-26.0869565217391,6.85714285714286
"P113",1,"p1","b1","chlorpropham",21.3,21.3,9.7,5.1,"relative_removal",47.4226804123711,40.6593406593407,3.39884020618557
"P113",1,"p2","b1","rufinamide",12.9,13,9.3,9.1,"relative_removal",2.15053763440861,-3.15789473684211,10.2150537634409
"P113",2,"p1","b1","acesulfame",4.1,4.1,4.2,4.9,"relative_removal",-16.6666666666667,-16.6666666666667,4.54545454545455
"P113",2,"p1","b1","atenolol",9.1,9.1,2.3,2.9,"relative_removal",-26.0869565217391,-26.0869565217391,6.85714285714286
"P113",2,"p1","b1","chlorpropham",21,21,9.1,5.4,"relative_removal",40.6593406593407,40.6593406593407,3.39884020618557
"P113",2,"p2","b1","rufinamide",12.9,12.9,9.5,9.8,"relative_removal",-3.15789473684211,-3.15789473684211,10.2150537634409
"P113",3,"p1","b1","acesulfame",4.1,4,4.4,5.2,"relative_removal",-18.1818181818182,-16.6666666666667,4.54545454545455
"P113",3,"p1","b1","atenolol",9.1,9.1,2.5,3.2,"relative_removal",-28,-26.0869565217391,6.85714285714286
"P113",3,"p1","b1","chlorpropham",21,21,9.6,5.7,"relative_removal",40.625,40.6593406593407,3.39884020618557
"P113",3,"p2","b1","rufinamide",12.9,12.9,9.3,11,"relative_removal",-18.2795698924731,-3.15789473684211,10.2150537634409
"P115",1,"p1","b1","acesulfame",4.2,4,4.7,4.8,"relative_removal",-2.12765957446808,-2.12765957446808,31.4568200161421
"P115",1,"p1","b1","atenolol",9.2,9.3,2.2,2.6,"relative_removal",-18.1818181818182,-18.1818181818182,43.6373873873874
"P115",1,"p1","b1","chlorpropham",21.3,21.3,10.3,4.2,"relative_removal",59.2233009708738,26.7441860465116,18.4274399591211
"P115",1,"p2","b1","rufinamide",12.9,13,8.3,9.8,"relative_removal",-18.0722891566265,-31.6455696202532,10.5841085862437
"P115",2,"p1","b1","acesulfame",4.1,4,4.2,6.7,"relative_removal",-59.5238095238095,-2.12765957446808,31.4568200161421
"P115",2,"p1","b1","atenolol",9.1,9.1,2.4,4.3,"relative_removal",-79.1666666666667,-18.1818181818182,43.6373873873874
"P115",2,"p1","b1","chlorpropham",21,21,8.6,6.3,"relative_removal",26.7441860465116,26.7441860465116,18.4274399591211
"P115",2,"p2","b1","rufinamide",12.9,12.9,7.9,10.4,"relative_removal",-31.6455696202532,-31.6455696202532,10.5841085862437
"P115",3,"p1","b1","acesulfame",4.1,4,5.9,5.7,"relative_removal",3.38983050847458,-2.12765957446808,31.4568200161421
"P115",3,"p1","b1","atenolol",9.1,9.1,3.7,3.4,"relative_removal",8.10810810810812,-18.1818181818182,43.6373873873874
"P115",3,"p1","b1","chlorpropham",21,21,7.6,5.9,"relative_removal",22.3684210526316,26.7441860465116,18.4274399591211
"P115",3,"p2","b1","rufinamide",12.9,12.9,7.9,11,"relative_removal",-39.2405063291139,-31.6455696202532,10.5841085862437
"P116",1,"p1","b1","acesulfame",4.1,4,4.9,5.5,"relative_removal",-12.2448979591837,-12.2448979591837,7.53024614100959
"P116",1,"p1","b1","atenolol",9.2,9.3,2.5,3.4,"relative_removal",-36,-18.5185185185185,12.8275862068965
"P116",1,"p1","b1","chlorpropham",21.3,21.3,10.5,1.8,"relative_removal",82.8571428571428,41.4141414141414,22.1978021978022
"P116",1,"p2","b1","rufinamide",12.9,13,8.3,9.7,"relative_removal",-16.8674698795181,-48.0519480519481,22.6007478188617
"P116",2,"p1","b1","acesulfame",4.1,4,4.7,5.5,"relative_removal",-17.0212765957447,-12.2448979591837,7.53024614100959
"P116",2,"p1","b1","atenolol",9.1,9.1,2.7,3.2,"relative_removal",-18.5185185185185,-18.5185185185185,12.8275862068965
"P116",2,"p1","b1","chlorpropham",21,21,9.1,5.6,"relative_removal",38.4615384615385,41.4141414141414,22.1978021978022
"P116",2,"p2","b1","rufinamide",12.9,12.9,5.8,9.4,"relative_removal",-62.0689655172414,-48.0519480519481,22.6007478188617
"P116",3,"p1","b1","acesulfame",4,4,5.1,5.2,"relative_removal",-1.9607843137255,-12.2448979591837,7.53024614100959
"P116",3,"p1","b1","atenolol",9.1,9.1,2.9,3.2,"relative_removal",-10.3448275862069,-18.5185185185185,12.8275862068965
"P116",3,"p1","b1","chlorpropham",21,21,9.9,5.8,"relative_removal",41.4141414141414,41.4141414141414,22.1978021978022
"P116",3,"p2","b1","rufinamide",12.9,12.9,7.7,11.4,"relative_removal",-48.0519480519481,-48.0519480519481,22.6007478188617
"P117",1,"p1","b1","acesulfame",4,4,4.9,3.2,"relative_removal",34.6938775510204,3.92156862745097,16.3854003139717
"P117",1,"p1","b1","atenolol",9.2,9.2,3,2.2,"relative_removal",26.6666666666667,9.25925925925926,9.16666666666666
"P117",1,"p1","b1","chlorpropham",21.2,21.2,10.4,3.7,"relative_removal",64.4230769230769,48.4848484848485,19.7115384615385
"P117",1,"p2","b1","rufinamide",12.9,13,8.2,9.5,"relative_removal",-15.8536585365854,-24.3589743589744,7.73582133411695
"P117",2,"p1","b1","acesulfame",4,4,5.1,4.9,"relative_removal",3.92156862745097,3.92156862745097,16.3854003139717
"P117",2,"p1","b1","atenolol",9.2,9.2,5.4,4.9,"relative_removal",9.25925925925926,9.25925925925926,9.16666666666666
"P117",2,"p1","b1","chlorpropham",21.2,21.2,6.8,5.1,"relative_removal",25,48.4848484848485,19.7115384615385
"P117",2,"p2","b1","rufinamide",12.9,12.9,8.3,10.9,"relative_removal",-31.3253012048193,-24.3589743589744,7.73582133411695
"P117",3,"p1","b1","acesulfame",4,4,5.2,5.1,"relative_removal",1.92307692307693,3.92156862745097,16.3854003139717
"P117",3,"p1","b1","atenolol",9.2,9.2,3.6,3.3,"relative_removal",8.33333333333334,9.25925925925926,9.16666666666666
"P117",3,"p1","b1","chlorpropham",21.2,21.2,9.9,5.1,"relative_removal",48.4848484848485,48.4848484848485,19.7115384615385
"P117",3,"p2","b1","rufinamide",12.9,12.9,7.8,9.7,"relative_removal",-24.3589743589744,-24.3589743589744,7.73582133411695
"P118",1,"p1","b1","acesulfame",4.1,4,5.4,5.4,"relative_removal",0,0,5.20833333333333
"P118",1,"p1","b1","atenolol",9.2,9.3,2.6,3.4,"relative_removal",-30.7692307692308,-14.2857142857143,15.3846153846154
"P118",1,"p1","b1","chlorpropham",21.3,21.3,10.5,1.9,"relative_removal",81.9047619047619,49.4845360824742,16.4625850340136
"P118",1,"p2","b1","rufinamide",12.9,13,8.1,9.1,"relative_removal",-12.3456790123457,-1.04166666666666,7.19324766943815
"P118",2,"p1","b1","acesulfame",4,4,4.8,4.6,"relative_removal",4.16666666666667,0,5.20833333333333
"P118",2,"p1","b1","atenolol",9.1,9.1,2.8,2.8,"relative_removal",0,-14.2857142857143,15.3846153846154
"P118",2,"p1","b1","chlorpropham",21,21,9.7,4.9,"relative_removal",49.4845360824742,49.4845360824742,16.4625850340136
"P118",2,"p2","b1","rufinamide",12.9,12.9,9.6,9.7,"relative_removal",-1.04166666666666,-1.04166666666666,7.19324766943815
"P118",3,"p1","b1","acesulfame",4,4.1,4.8,5.1,"relative_removal",-6.25,0,5.20833333333333
"P118",3,"p1","b1","atenolol",9.1,9.1,2.8,3.2,"relative_removal",-14.2857142857143,-14.2857142857143,15.3846153846154
"P118",3,"p1","b1","chlorpropham",21,21,9.8,5,"relative_removal",48.9795918367347,49.4845360824742,16.4625850340136
"P118",3,"p2","b1","rufinamide",12.9,12.9,9.8,9.6,"relative_removal",2.04081632653062,-1.04166666666666,7.19324766943815
"P121",1,"p1","b1","acesulfame",4.2,3.9,4.8,4.8,"relative_removal",0,0,5.19274376417233
"P121",1,"p1","b1","atenolol",9.2,9.2,2.4,2.5,"relative_removal",-4.16666666666667,-4.16666666666667,11.448275862069
"P121",1,"p1","b1","chlorpropham",21.3,21.3,9.1,4.9,"relative_removal",46.1538461538461,49.4623655913978,2.9647435897436
"P121",1,"p2","b1","rufinamide",12.9,13,7.8,9.4,"relative_removal",-20.5128205128205,-20.5128205128205,13.6904761904762
"P121",2,"p1","b1","acesulfame",4.1,4.1,4.9,4.5,"relative_removal",8.16326530612245,0,5.19274376417233
"P121",2,"p1","b1","atenolol",9.1,9.1,2.9,2.7,"relative_removal",6.89655172413792,-4.16666666666667,11.448275862069
"P121",2,"p1","b1","chlorpropham",21,21,9.6,4.6,"relative_removal",52.0833333333333,49.4623655913978,2.9647435897436
"P121",2,"p2","b1","rufinamide",12.9,12.9,8.4,9,"relative_removal",-7.14285714285714,-20.5128205128205,13.6904761904762
"P121",3,"p1","b1","acesulfame",4.1,4.1,4.5,4.6,"relative_removal",-2.22222222222221,0,5.19274376417233
"P121",3,"p1","b1","atenolol",9.1,9.1,2.5,2.9,"relative_removal",-16,-4.16666666666667,11.448275862069
"P121",3,"p1","b1","chlorpropham",21,21,9.3,4.7,"relative_removal",49.4623655913978,49.4623655913978,2.9647435897436
"P121",3,"p2","b1","rufinamide",12.9,12.9,8.4,11.3,"relative_removal",-34.5238095238095,-20.5128205128205,13.6904761904762
"P122",1,"p1","b1","acesulfame",4.2,3.6,4.1,5.3,"relative_removal",-29.2682926829268,-14.5833333333333,15.6145384983262
"P122",1,"p1","b1","atenolol",9.2,9.2,2,3.2,"relative_removal",-60,-21.4285714285714,30
"P122",1,"p1","b1","chlorpropham",21.3,21.3,9.7,2.2,"relative_removal",77.319587628866,55.6603773584906,16.9426220972613
"P122",1,"p2","b1","rufinamide",12.9,13,9.1,9.2,"relative_removal",-1.09890109890109,-39.3939393939394,21.1610757663389
"P122",2,"p1","b1","acesulfame",4.1,4,4.8,5.5,"relative_removal",-14.5833333333333,-14.5833333333333,15.6145384983262
"P122",2,"p1","b1","atenolol",9.1,9.1,2.8,3.4,"relative_removal",-21.4285714285714,-21.4285714285714,30
"P122",2,"p1","b1","chlorpropham",21,21,9.9,5.6,"relative_removal",43.4343434343434,55.6603773584906,16.9426220972613
"P122",2,"p2","b1","rufinamide",12.9,12.9,6.6,9.2,"relative_removal",-39.3939393939394,-39.3939393939394,21.1610757663389
"P122",3,"p1","b1","acesulfame",4,4.1,5.1,5,"relative_removal",1.96078431372548,-14.5833333333333,15.6145384983262
"P122",3,"p1","b1","atenolol",9.1,9.1,3,3,"relative_removal",0,-21.4285714285714,30
"P122",3,"p1","b1","chlorpropham",21,21,10.6,4.7,"relative_removal",55.6603773584906,55.6603773584906,16.9426220972613
"P122",3,"p2","b1","rufinamide",12.9,12.9,7.6,10.9,"relative_removal",-43.421052631579,-39.3939393939394,21.1610757663389
"P124",1,"p1","b2","acesulfame",4.1,3.9,4.1,5.1,"relative_removal",-24.390243902439,-5,21.5701219512195
"P124",1,"p1","b2","atenolol",9.2,9.2,2.3,3.5,"relative_removal",-52.1739130434783,-8.69565217391305,41.8012422360249
"P124",1,"p1","b2","chlorpropham",21.3,21.3,10,1.8,"relative_removal",82,61.3861386138614,57.6666666666667
"P124",1,"p2","b2","rufinamide",12.9,13,10.3,8.6,"relative_removal",16.504854368932,1.94174757281554,12.3700742432895
"P124",2,"p1","b2","acesulfame",4.2,4.2,4,4.2,"relative_removal",-5,-5,21.5701219512195
"P124",2,"p1","b2","atenolol",9.2,9.2,2.3,2.5,"relative_removal",-8.69565217391305,-8.69565217391305,41.8012422360249
"P124",2,"p1","b2","chlorpropham",21.3,21.3,10.1,3.9,"relative_removal",61.3861386138614,61.3861386138614,57.6666666666667
"P124",2,"p2","b2","rufinamide",12.8,12.8,10.3,10.1,"relative_removal",1.94174757281554,1.94174757281554,12.3700742432895
"P124",3,"p1","b2","acesulfame",4.2,4.2,4.8,3.9,"relative_removal",18.75,-5,21.5701219512195
"P124",3,"p1","b2","atenolol",9.2,9.2,3.5,2.4,"relative_removal",31.4285714285714,-8.69565217391305,41.8012422360249
"P124",3,"p1","b2","chlorpropham",21.3,21.3,2.7,3.6,"relative_removal",-33.3333333333333,61.3861386138614,57.6666666666667
"P124",3,"p2","b2","rufinamide",12.8,12.9,8.5,9.2,"relative_removal",-8.23529411764705,1.94174757281554,12.3700742432895
"P128",1,"p1","b2","acesulfame",4.1,3.9,4.1,8.9,"relative_removal",-117.073170731707,8.8888888888889,67.6274944567628
"P128",1,"p1","b2","atenolol",9.2,9.2,2.2,4.4,"relative_removal",-100,8.57142857142857,56.25
"P128",1,"p1","b2","chlorpropham",21.3,21.3,10,7.4,"relative_removal",26,0,23.7142857142857
"P128",1,"p2","b2","rufinamide",12.9,13,9.5,8.7,"relative_removal",8.42105263157896,8.42105263157896,11.7848970251716
"P128",2,"p1","b2","acesulfame",4.1,4.1,5.5,4.5,"relative_removal",18.1818181818182,8.8888888888889,67.6274944567628
"P128",2,"p1","b2","atenolol",9.2,9.2,4,3.5,"relative_removal",12.5,8.57142857142857,56.25
"P128",2,"p1","b2","chlorpropham",21.3,21.3,1.4,1.7,"relative_removal",-21.4285714285714,0,23.7142857142857
"P128",2,"p2","b2","rufinamide",12.8,12.8,6.9,7.8,"relative_removal",-13.0434782608696,8.42105263157896,11.7848970251716
"P128",3,"p1","b2","acesulfame",4.1,4.2,4.5,4.1,"relative_removal",8.8888888888889,8.8888888888889,67.6274944567628
"P128",3,"p1","b2","atenolol",9.2,9.2,3.5,3.2,"relative_removal",8.57142857142857,8.57142857142857,56.25
"P128",3,"p1","b2","chlorpropham",21.3,21.3,2.4,2.4,"relative_removal",0,0,23.7142857142857
"P128",3,"p2","b2","rufinamide",12.8,12.9,9.5,8.5,"relative_removal",10.5263157894737,8.42105263157896,11.7848970251716
"P131",1,"p1","b2","acesulfame",4.2,4,3.8,3.4,"relative_removal",10.5263157894737,10.5263157894737,0.914115646258509
"P131",1,"p1","b2","atenolol",9.2,9.2,2,2.5,"relative_removal",-25,-15.1515151515152,12.5
"P131",1,"p1","b2","chlorpropham",21.3,21.3,10,2.1,"relative_removal",79,50,33.25
"P131",1,"p2","b2","rufinamide",12.9,13,9.8,8.6,"relative_removal",12.2448979591837,-9.45945945945945,17.7891156462585
"P131",2,"p1","b2","acesulfame",4.1,4.2,4.9,4.3,"relative_removal",12.2448979591837,10.5263157894737,0.914115646258509
"P131",2,"p1","b2","atenolol",9.2,9.2,3.3,3.8,"relative_removal",-15.1515151515152,-15.1515151515152,12.5
"P131",2,"p1","b2","chlorpropham",21.3,21.3,4.4,2.2,"relative_removal",50,50,33.25
"P131",2,"p2","b2","rufinamide",12.8,12.8,6,7.4,"relative_removal",-23.3333333333333,-9.45945945945945,17.7891156462585
"P131",3,"p1","b2","acesulfame",4.2,4.1,4.8,4.3,"relative_removal",10.4166666666667,10.5263157894737,0.914115646258509
"P131",3,"p1","b2","atenolol",9.2,9.2,3.7,3.7,"relative_removal",0,-15.1515151515152,12.5
"P131",3,"p1","b2","chlorpropham",21.3,21.3,2.4,2.1,"relative_removal",12.5,50,33.25
"P131",3,"p2","b2","rufinamide",12.8,12.9,7.4,8.1,"relative_removal",-9.45945945945945,-9.45945945945945,17.7891156462585
"P140",1,"p1","b2","acesulfame",4.1,3.9,4,4.9,"relative_removal",-22.5,4.34782608695651,14.3112244897959
"P140",1,"p1","b2","atenolol",9.2,9.2,2.3,3.4,"relative_removal",-47.8260869565217,12.1212121212121,38.5471898197243
"P140",1,"p1","b2","chlorpropham",21.3,21.3,10,2.2,"relative_removal",78,27.5,29
"P140",1,"p2","b2","rufinamide",12.9,13,9.7,8.7,"relative_removal",10.3092783505155,3.7037037037037,3.38993329290479
"P140",2,"p1","b2","acesulfame",4.1,4.2,4.9,4.6,"relative_removal",6.12244897959185,4.34782608695651,14.3112244897959
"P140",2,"p1","b2","atenolol",9.2,9.2,4.1,2.9,"relative_removal",29.2682926829268,12.1212121212121,38.5471898197243
"P140",2,"p1","b2","chlorpropham",21.3,21.3,2.5,2,"relative_removal",20,27.5,29
"P140",2,"p2","b2","rufinamide",12.8,12.9,8.1,7.8,"relative_removal",3.7037037037037,3.7037037037037,3.38993329290479
"P140",3,"p1","b2","acesulfame",4.2,4.2,4.6,4.4,"relative_removal",4.34782608695651,4.34782608695651,14.3112244897959
"P140",3,"p1","b2","atenolol",9.2,9.2,3.3,2.9,"relative_removal",12.1212121212121,12.1212121212121,38.5471898197243
"P140",3,"p1","b2","chlorpropham",21.3,21.3,4,2.9,"relative_removal",27.5,27.5,29
"P140",3,"p2","b2","rufinamide",12.8,12.9,8.5,8.2,"relative_removal",3.52941176470589,3.7037037037037,3.38993329290479
"P145",1,"p1","b2","acesulfame",4.2,4,3.9,4.9,"relative_removal",-25.6410256410257,12.2448979591837,21.1538461538462
"P145",1,"p1","b2","atenolol",9.2,9.2,2.2,3.4,"relative_removal",-54.5454545454545,18.4210526315789,39.1148325358852
"P145",1,"p1","b2","chlorpropham",21.3,21.3,10,2.1,"relative_removal",79,39.2857142857143,41.4230769230769
"P145",1,"p2","b2","rufinamide",12.9,13,9.4,10,"relative_removal",-6.38297872340425,-6.38297872340425,4.38110026619344
"P145",2,"p1","b2","acesulfame",4.1,4.1,5.4,4.5,"relative_removal",16.6666666666667,12.2448979591837,21.1538461538462
"P145",2,"p1","b2","atenolol",9.2,9.2,3.8,3.1,"relative_removal",18.4210526315789,18.4210526315789,39.1148325358852
"P145",2,"p1","b2","chlorpropham",21.3,21.3,2.8,1.7,"relative_removal",39.2857142857143,39.2857142857143,41.4230769230769
"P145",2,"p2","b2","rufinamide",12.9,12.9,9.8,9.9,"relative_removal",-1.0204081632653,-6.38297872340425,4.38110026619344
"P145",3,"p1","b2","acesulfame",4.2,4.1,4.9,4.3,"relative_removal",12.2448979591837,12.2448979591837,21.1538461538462
"P145",3,"p1","b2","atenolol",9.2,9.2,3.8,2.9,"relative_removal",23.6842105263158,18.4210526315789,39.1148325358852
"P145",3,"p1","b2","chlorpropham",21.3,21.3,2.6,2.7,"relative_removal",-3.84615384615385,39.2857142857143,41.4230769230769
"P145",3,"p2","b2","rufinamide",12.9,12.9,9.2,10.1,"relative_removal",-9.78260869565218,-6.38297872340425,4.38110026619344
"P146",1,"p1","b2","acesulfame",4.1,4,4.1,4.9,"relative_removal",-19.5121951219512,4.34782608695651,21.7931345980127
"P146",1,"p1","b2","atenolol",9.2,9.2,2.1,2.9,"relative_removal",-38.0952380952381,20,34.047619047619
"P146",1,"p1","b2","chlorpropham",21.3,21.3,9.8,2.2,"relative_removal",77.5510204081633,26.4705882352941,54.5649838882922
"P146",1,"p2","b2","rufinamide",12.9,13,8.8,8.6,"relative_removal",2.27272727272728,2.27272727272728,14.6089743589744
"P146",2,"p1","b2","acesulfame",4.1,4.2,5.4,4.1,"relative_removal",24.0740740740741,4.34782608695651,21.7931345980127
"P146",2,"p1","b2","atenolol",9.2,9.2,4,2.8,"relative_removal",30,20,34.047619047619
"P146",2,"p1","b2","chlorpropham",21.3,21.3,1.9,2.5,"relative_removal",-31.5789473684211,26.4705882352941,54.5649838882922
"P146",2,"p2","b2","rufinamide",12.8,12.9,7.5,7.6,"relative_removal",-1.33333333333333,2.27272727272728,14.6089743589744
"P146",3,"p1","b2","acesulfame",4.2,4.2,4.6,4.4,"relative_removal",4.34782608695651,4.34782608695651,21.7931345980127
"P146",3,"p1","b2","atenolol",9.2,9.2,3.5,2.8,"relative_removal",20,20,34.047619047619
"P146",3,"p1","b2","chlorpropham",21.3,21.3,3.4,2.5,"relative_removal",26.4705882352941,26.4705882352941,54.5649838882922
"P146",3,"p2","b2","rufinamide",12.8,12.9,10.4,7.5,"relative_removal",27.8846153846154,2.27272727272728,14.6089743589744
"P148",1,"p1","b2","acesulfame",4.2,4,4.2,4.7,"relative_removal",-11.9047619047619,20.3703703703704,16.3690476190476
"P148",1,"p1","b2","atenolol",9.2,9.2,2.2,3.6,"relative_removal",-63.6363636363636,9.7560975609756,37.7005347593583
"P148",1,"p1","b2","chlorpropham",21.3,21.3,10.1,2.1,"relative_removal",79.2079207920792,19.3548387096774,42.5451368666278
"P148",1,"p2","b2","rufinamide",12.9,13,12.2,8.6,"relative_removal",29.5081967213115,8.98876404494383,12.1899957965532
"P148",2,"p1","b2","acesulfame",4.1,4.1,5.4,4.3,"relative_removal",20.3703703703704,20.3703703703704,16.3690476190476
"P148",2,"p1","b2","atenolol",9.2,9.2,4.1,3.7,"relative_removal",9.7560975609756,9.7560975609756,37.7005347593583
"P148",2,"p1","b2","chlorpropham",21.3,21.3,1.7,1.8,"relative_removal",-5.88235294117648,19.3548387096774,42.5451368666278
"P148",2,"p2","b2","rufinamide",12.8,12.9,7.8,7.4,"relative_removal",5.12820512820512,8.98876404494383,12.1899957965532
"P148",3,"p1","b2","acesulfame",4.1,4.2,4.8,3.8,"relative_removal",20.8333333333333,20.3703703703704,16.3690476190476
"P148",3,"p1","b2","atenolol",9.2,9.2,3.4,3,"relative_removal",11.7647058823529,9.7560975609756,37.7005347593583
"P148",3,"p1","b2","chlorpropham",21.3,21.3,3.1,2.5,"relative_removal",19.3548387096774,19.3548387096774,42.5451368666278
"P148",3,"p2","b2","rufinamide",12.9,12.9,8.9,8.1,"relative_removal",8.98876404494383,8.98876404494383,12.1899957965532
"P149",1,"p1","b2","acesulfame",4.2,4,4.1,4.8,"relative_removal",-17.0731707317073,4.44444444444445,16.3797226207556
"P149",1,"p1","b2","atenolol",9.2,9.2,2.2,3.1,"relative_removal",-40.9090909090909,9.99999999999999,32.2966507177033
"P149",1,"p1","b2","chlorpropham",21.3,21.3,10.1,2.1,"relative_removal",79.2079207920792,36.734693877551,39.6039603960396
"P149",1,"p2","b2","rufinamide",12.9,13,9.1,8.8,"relative_removal",3.29670329670328,-1.19047619047619,2.89835164835164
"P149",2,"p1","b2","acesulfame",4.2,4.2,5.1,4.3,"relative_removal",15.6862745098039,4.44444444444445,16.3797226207556
"P149",2,"p1","b2","atenolol",9.2,9.2,3.8,2.9,"relative_removal",23.6842105263158,9.99999999999999,32.2966507177033
"P149",2,"p1","b2","chlorpropham",21.3,21.3,2.2,2.2,"relative_removal",0,36.734693877551,39.6039603960396
"P149",2,"p2","b2","rufinamide",12.8,12.9,8,8.2,"relative_removal",-2.49999999999999,-1.19047619047619,2.89835164835164
"P149",3,"p1","b2","acesulfame",4.2,4.1,4.5,4.3,"relative_removal",4.44444444444445,4.44444444444445,16.3797226207556
"P149",3,"p1","b2","atenolol",9.2,9.2,3,2.7,"relative_removal",9.99999999999999,9.99999999999999,32.2966507177033
"P149",3,"p1","b2","chlorpropham",21.3,21.3,4.9,3.1,"relative_removal",36.734693877551,36.734693877551,39.6039603960396
"P149",3,"p2","b2","rufinamide",12.8,12.9,8.4,8.5,"relative_removal",-1.19047619047619,-1.19047619047619,2.89835164835164
"P150",1,"p1","b2","acesulfame",4.1,3.9,4.2,4.3,"relative_removal",-2.38095238095237,12.5,13.2275132275132
"P150",1,"p1","b2","atenolol",9.2,9.2,2.3,2.4,"relative_removal",-4.34782608695653,18.1818181818182,16.1274014155713
"P150",1,"p1","b2","chlorpropham",21.3,21.3,9.9,5,"relative_removal",49.4949494949495,26.3157894736842,41.4141414141414
"P150",1,"p2","b2","rufinamide",12.9,13,9.3,9.1,"relative_removal",2.15053763440861,2.15053763440861,6.67153996101366
"P150",2,"p1","b2","acesulfame",4.1,4.1,5.4,4.1,"relative_removal",24.0740740740741,12.5,13.2275132275132
"P150",2,"p1","b2","atenolol",9.2,9.2,4.3,3.1,"relative_removal",27.906976744186,18.1818181818182,16.1274014155713
"P150",2,"p1","b2","chlorpropham",21.3,21.3,1.5,2,"relative_removal",-33.3333333333333,26.3157894736842,41.4141414141414
"P150",2,"p2","b2","rufinamide",12.8,12.9,10.8,9.7,"relative_removal",10.1851851851852,2.15053763440861,6.67153996101366
"P150",3,"p1","b2","acesulfame",4.1,4.2,4.8,4.2,"relative_removal",12.5,12.5,13.2275132275132
"P150",3,"p1","b2","atenolol",9.2,9.2,3.3,2.7,"relative_removal",18.1818181818182,18.1818181818182,16.1274014155713
"P150",3,"p1","b2","chlorpropham",21.3,21.3,3.8,2.8,"relative_removal",26.3157894736842,26.3157894736842,41.4141414141414
"P150",3,"p2","b2","rufinamide",12.8,12.9,9.5,9.8,"relative_removal",-3.15789473684211,2.15053763440861,6.67153996101366
"P151",1,"p1","b2","acesulfame",4.2,4,4.2,4.3,"relative_removal",-2.38095238095237,10,7.57345491388045
"P151",1,"p1","b2","atenolol",9.2,9.2,2.3,2.4,"relative_removal",-4.34782608695653,18.1818181818182,12.7002288329519
"P151",1,"p1","b2","chlorpropham",21.3,21.3,9.6,4.9,"relative_removal",48.9583333333333,22.8571428571429,24.4791666666667
"P151",1,"p2","b2","rufinamide",12.9,13,9.2,10,"relative_removal",-8.69565217391305,-8.69565217391305,10.901225666907
"P151",2,"p1","b2","acesulfame",4.2,4.1,5,4.5,"relative_removal",10,10,7.57345491388045
"P151",2,"p1","b2","atenolol",9.2,9.2,3.8,3,"relative_removal",21.0526315789474,18.1818181818182,12.7002288329519
"P151",2,"p1","b2","chlorpropham",21.3,21.3,2.2,2.2,"relative_removal",0,22.8571428571429,24.4791666666667
"P151",2,"p2","b2","rufinamide",12.9,12.9,7.3,8.2,"relative_removal",-12.3287671232877,-8.69565217391305,10.901225666907
"P151",3,"p1","b2","acesulfame",4.2,4.1,4.7,4.1,"relative_removal",12.7659574468085,10,7.57345491388045
"P151",3,"p1","b2","atenolol",9.2,9.2,3.3,2.7,"relative_removal",18.1818181818182,18.1818181818182,12.7002288329519
"P151",3,"p1","b2","chlorpropham",21.3,21.3,3.5,2.7,"relative_removal",22.8571428571429,22.8571428571429,24.4791666666667
"P151",3,"p2","b2","rufinamide",12.9,12.9,9.5,8.6,"relative_removal",9.47368421052632,-8.69565217391305,10.901225666907
"P152",1,"p1","b3","acesulfame",4.2,3.9,3.7,3.7,"relative_removal",0,0,6.87134502923977
"P152",1,"p1","b3","atenolol",9.2,9.2,2.1,2.2,"relative_removal",-4.76190476190477,-3.70370370370369,7.21966205837174
"P152",1,"p1","b3","chlorpropham",21.3,21.3,10.1,5.9,"relative_removal",41.5841584158416,43.859649122807,9.20792079207921
"P152",1,"p2","b3","rufinamide",12.9,13,10,10.2,"relative_removal",-1.99999999999999,-1.99999999999999,6.42937309603976
"P152",2,"p1","b3","acesulfame",4,4.1,3.8,3.9,"relative_removal",-2.63157894736842,0,6.87134502923977
"P152",2,"p1","b3","atenolol",9.1,9.1,2.7,2.8,"relative_removal",-3.70370370370369,-3.70370370370369,7.21966205837174
"P152",2,"p1","b3","chlorpropham",21,21,7.5,3,"relative_removal",60,43.859649122807,9.20792079207921
"P152",2,"p2","b3","rufinamide",12.9,12.9,8.1,7.9,"relative_removal",2.46913580246913,-1.99999999999999,6.42937309603976
"P152",3,"p1","b3","acesulfame",4.1,4.1,4.5,4,"relative_removal",11.1111111111111,0,6.87134502923977
"P152",3,"p1","b3","atenolol",9.1,9.1,3.1,2.8,"relative_removal",9.67741935483872,-3.70370370370369,7.21966205837174
"P152",3,"p1","b3","chlorpropham",21,21,5.7,3.2,"relative_removal",43.859649122807,43.859649122807,9.20792079207921
"P152",3,"p2","b3","rufinamide",12.9,12.9,7.7,8.5,"relative_removal",-10.3896103896104,-1.99999999999999,6.42937309603976
"P153",1,"p1","b3","acesulfame",4.1,4,3.4,4.6,"relative_removal",-35.2941176470588,0,23.202614379085
"P153",1,"p1","b3","atenolol",9.2,9.2,1.9,2.6,"relative_removal",-36.8421052631579,0,21.6468590831919
"P153",1,"p1","b3","chlorpropham",21.3,21.3,10.1,3.1,"relative_removal",69.3069306930693,52.1739130434783,21.1399518330211
"P153",1,"p2","b3","rufinamide",12.9,13,10,9.2,"relative_removal",8.00000000000001,-6.75675675675676,9.92105263157895
"P153",2,"p1","b3","acesulfame",4,4.1,4.4,4.4,"relative_removal",0,0,23.202614379085
"P153",2,"p1","b3","atenolol",9.1,9.1,3.2,3.2,"relative_removal",0,0,21.6468590831919
"P153",2,"p1","b3","chlorpropham",21,21,4.6,2.2,"relative_removal",52.1739130434783,52.1739130434783,21.1399518330211
"P153",2,"p2","b3","rufinamide",12.9,12.9,7.4,7.9,"relative_removal",-6.75675675675676,-6.75675675675676,9.92105263157895
"P153",3,"p1","b3","acesulfame",4,4.1,4.5,4,"relative_removal",11.1111111111111,0,23.202614379085
"P153",3,"p1","b3","atenolol",9.1,9.1,3.1,2.9,"relative_removal",6.45161290322581,0,21.6468590831919
"P153",3,"p1","b3","chlorpropham",21,21,3.7,2.7,"relative_removal",27.027027027027,52.1739130434783,21.1399518330211
"P153",3,"p2","b3","rufinamide",12.9,12.9,7.6,8.5,"relative_removal",-11.8421052631579,-6.75675675675676,9.92105263157895
"P154",1,"p1","b3","acesulfame",4.2,3.9,3.5,4.5,"relative_removal",-28.5714285714286,10.2040816326531,26.0504201680672
"P154",1,"p1","b3","atenolol",9.2,9.2,2,2.7,"relative_removal",-35,13.1578947368421,25.1923076923077
"P154",1,"p1","b3","chlorpropham",21.3,21.3,10.1,3,"relative_removal",70.2970297029703,28.2051282051282,26.3249854397204
"P154",1,"p2","b3","rufinamide",12.9,NA,10,0,"relative_removal",100,-15.7142857142857,59.2105263157895
"P154",2,"p1","b3","acesulfame",4,4.1,5.1,3.9,"relative_removal",23.5294117647059,10.2040816326531,26.0504201680672
"P154",2,"p1","b3","atenolol",9.1,9.1,3.8,3.3,"relative_removal",13.1578947368421,13.1578947368421,25.1923076923077
"P154",2,"p1","b3","chlorpropham",21,21,3.4,2.8,"relative_removal",17.6470588235294,28.2051282051282,26.3249854397204
"P154",2,"p2","b3","rufinamide",12.9,12.9,7,8.1,"relative_removal",-15.7142857142857,-15.7142857142857,59.2105263157895
"P154",3,"p1","b3","acesulfame",4.1,4.1,4.9,4.4,"relative_removal",10.2040816326531,10.2040816326531,26.0504201680672
"P154",3,"p1","b3","atenolol",9.1,9.1,3.9,3.3,"relative_removal",15.3846153846154,13.1578947368421,25.1923076923077
"P154",3,"p1","b3","chlorpropham",21,21,3.9,2.8,"relative_removal",28.2051282051282,28.2051282051282,26.3249854397204
"P154",3,"p2","b3","rufinamide",12.9,12.9,7.6,9,"relative_removal",-18.421052631579,-15.7142857142857,59.2105263157895
"P156",1,"p1","b3","acesulfame",4.1,4,3.9,4.4,"relative_removal",-12.8205128205128,6.25,14.5735217163789
"P156",1,"p1","b3","atenolol",9.2,9.2,2.1,2.7,"relative_removal",-28.5714285714286,8.33333333333334,23.4962406015038
"P156",1,"p1","b3","chlorpropham",21.3,21.3,10.1,3,"relative_removal",70.2970297029703,42,17.1997969027672
"P156",1,"p2","b3","rufinamide",12.9,13,9.7,9.5,"relative_removal",2.06185567010309,-5.12820512820512,17.0309278350515
"P156",2,"p1","b3","acesulfame",4,4.1,4.9,4.1,"relative_removal",16.3265306122449,6.25,14.5735217163789
"P156",2,"p1","b3","atenolol",9.1,9.1,3.8,3.1,"relative_removal",18.4210526315789,8.33333333333334,23.4962406015038
"P156",2,"p1","b3","chlorpropham",21,21,3.9,2.5,"relative_removal",35.8974358974359,42,17.1997969027672
"P156",2,"p2","b3","rufinamide",12.9,12.9,7.8,8.2,"relative_removal",-5.12820512820512,-5.12820512820512,17.0309278350515
"P156",3,"p1","b3","acesulfame",4,4.1,4.8,4.5,"relative_removal",6.25,6.25,14.5735217163789
"P156",3,"p1","b3","atenolol",9.1,9.1,3.6,3.3,"relative_removal",8.33333333333334,8.33333333333334,23.4962406015038
"P156",3,"p1","b3","chlorpropham",21,21,5,2.9,"relative_removal",42,42,17.1997969027672
"P156",3,"p2","b3","rufinamide",12.9,12.9,7.5,9.9,"relative_removal",-32,-5.12820512820512,17.0309278350515
"P157",1,"p1","b3","acesulfame",4.2,4,4.3,4,"relative_removal",6.97674418604651,6.97674418604651,5.22018802572985
"P157",1,"p1","b3","atenolol",9.2,9.2,2.6,2.3,"relative_removal",11.5384615384615,11.5384615384615,6.9047619047619
"P157",1,"p1","b3","chlorpropham",21.3,21.3,8.9,5.4,"relative_removal",39.3258426966292,34,5.21847690387016
"P157",1,"p2","b3","rufinamide",12.9,13,9.5,9.3,"relative_removal",2.10526315789473,-7.5,8.58687815428983
"P157",2,"p1","b3","acesulfame",4,4.1,4.7,4.1,"relative_removal",12.7659574468085,6.97674418604651,5.22018802572985
"P157",2,"p1","b3","atenolol",9.1,9.1,3.5,2.9,"relative_removal",17.1428571428571,11.5384615384615,6.9047619047619
"P157",2,"p1","b3","chlorpropham",21,21,4.5,3.2,"relative_removal",28.8888888888889,34,5.21847690387016
"P157",2,"p2","b3","rufinamide",12.9,12.9,7.3,8.4,"relative_removal",-15.0684931506849,-7.5,8.58687815428983
"P157",3,"p1","b3","acesulfame",4.1,4.1,4.3,4.2,"relative_removal",2.32558139534883,6.97674418604651,5.22018802572985
"P157",3,"p1","b3","atenolol",9.1,9.1,3,2.9,"relative_removal",3.33333333333334,11.5384615384615,6.9047619047619
"P157",3,"p1","b3","chlorpropham",21,21,5,3.3,"relative_removal",34,34,5.21847690387016
"P157",3,"p2","b3","rufinamide",12.9,12.9,8,8.6,"relative_removal",-7.5,-7.5,8.58687815428983
"P161",1,"p1","b3","acesulfame",4.2,4,3.5,4.5,"relative_removal",-28.5714285714286,-6.81818181818181,15.3726708074534
"P161",1,"p1","b3","atenolol",9.2,9.2,1.9,2.7,"relative_removal",-42.1052631578948,-9.99999999999999,24.0829346092504
"P161",1,"p1","b3","chlorpropham",21.3,21.3,10,3.1,"relative_removal",69,45.6521739130435,26.3918918918919
"P161",1,"p2","b3","rufinamide",12.9,13,9.6,10.3,"relative_removal",-7.29166666666668,-16.2162162162162,5.72916666666666
"P161",2,"p1","b3","acesulfame",4,4.1,4.4,4.7,"relative_removal",-6.81818181818181,-6.81818181818181,15.3726708074534
"P161",2,"p1","b3","atenolol",9.1,9.1,3,3.3,"relative_removal",-9.99999999999999,-9.99999999999999,24.0829346092504
"P161",2,"p1","b3","chlorpropham",21,21,4.6,2.5,"relative_removal",45.6521739130435,45.6521739130435,26.3918918918919
"P161",2,"p2","b3","rufinamide",12.9,12.9,7.4,8.6,"relative_removal",-16.2162162162162,-16.2162162162162,5.72916666666666
"P161",3,"p1","b3","acesulfame",4,4.1,4.6,4.5,"relative_removal",2.17391304347825,-6.81818181818181,15.3726708074534
"P161",3,"p1","b3","atenolol",9.1,9.1,3.3,3.1,"relative_removal",6.06060606060605,-9.99999999999999,24.0829346092504
"P161",3,"p1","b3","chlorpropham",21,21,3.7,3.1,"relative_removal",16.2162162162162,45.6521739130435,26.3918918918919
"P161",3,"p2","b3","rufinamide",12.9,12.9,8,9.5,"relative_removal",-18.75,-16.2162162162162,5.72916666666666
"P162",1,"p1","b3","acesulfame",4.2,4,3.2,3.9,"relative_removal",-21.875,2.43902439024389,23.1823979591837
"P162",1,"p1","b3","atenolol",9.2,9.2,1.9,3,"relative_removal",-57.8947368421053,41.9354838709677,52.0242914979757
"P162",1,"p1","b3","chlorpropham",21.3,21.3,10,2.9,"relative_removal",71,34.2105263157895,24.3888888888889
"P162",1,"p2","b3","rufinamide",12.9,NA,9.6,0,"relative_removal",100,-15.0684931506849,58.974358974359
"P162",2,"p1","b3","acesulfame",4,4.1,4.9,3.7,"relative_removal",24.4897959183673,2.43902439024389,23.1823979591837
"P162",2,"p1","b3","atenolol",9.1,9.1,3.9,2.1,"relative_removal",46.1538461538462,41.9354838709677,52.0242914979757
"P162",2,"p1","b3","chlorpropham",21,21,2.7,2.1,"relative_removal",22.2222222222222,34.2105263157895,24.3888888888889
"P162",2,"p2","b3","rufinamide",12.9,12.9,7.3,8.4,"relative_removal",-15.0684931506849,-15.0684931506849,58.974358974359
"P162",3,"p1","b3","acesulfame",4,4.1,4.1,4,"relative_removal",2.43902439024389,2.43902439024389,23.1823979591837
"P162",3,"p1","b3","atenolol",9.1,9.1,3.1,1.8,"relative_removal",41.9354838709677,41.9354838709677,52.0242914979757
"P162",3,"p1","b3","chlorpropham",21,21,3.8,2.5,"relative_removal",34.2105263157895,34.2105263157895,24.3888888888889
"P162",3,"p2","b3","rufinamide",12.9,12.9,7.8,9.2,"relative_removal",-17.9487179487179,-15.0684931506849,58.974358974359
"P163",1,"p1","b3","acesulfame",4.2,4,3.7,4.5,"relative_removal",-21.6216216216216,4.16666666666667,16.0191441441441
"P163",1,"p1","b3","atenolol",9.2,9.2,2,3,"relative_removal",-50,6.06060606060605,34.4594594594595
"P163",1,"p1","b3","chlorpropham",21.3,21.3,9.9,3.3,"relative_removal",66.6666666666667,17.0731707317073,25.5208333333333
"P163",1,"p2","b3","rufinamide",12.9,NA,9.4,0,"relative_removal",100,-11.25,57.4324324324324
"P163",2,"p1","b3","acesulfame",4,4.1,4.8,4.3,"relative_removal",10.4166666666667,4.16666666666667,16.0191441441441
"P163",2,"p1","b3","atenolol",9.1,9.1,3.7,3,"relative_removal",18.9189189189189,6.06060606060605,34.4594594594595
"P163",2,"p1","b3","chlorpropham",21,21,3.2,2.7,"relative_removal",15.625,17.0731707317073,25.5208333333333
"P163",2,"p2","b3","rufinamide",12.9,12.9,7.4,8.5,"relative_removal",-14.8648648648649,-11.25,57.4324324324324
"P163",3,"p1","b3","acesulfame",4.1,4.1,4.8,4.6,"relative_removal",4.16666666666667,4.16666666666667,16.0191441441441
"P163",3,"p1","b3","atenolol",9.1,9.1,3.3,3.1,"relative_removal",6.06060606060605,6.06060606060605,34.4594594594595
"P163",3,"p1","b3","chlorpropham",21,21,4.1,3.4,"relative_removal",17.0731707317073,17.0731707317073,25.5208333333333
"P163",3,"p2","b3","rufinamide",12.9,12.9,8,8.9,"relative_removal",-11.25,-11.25,57.4324324324324
"P167",1,"p1","b3","acesulfame",4.1,4,4,4.5,"relative_removal",-12.5,2.17391304347825,13.3928571428571
"P167",1,"p1","b3","atenolol",9.2,9.2,2.2,2.8,"relative_removal",-27.2727272727273,3.125,24.1626794258373
"P167",1,"p1","b3","chlorpropham",21.3,21.3,9.9,3.4,"relative_removal",65.6565656565657,30,19.4949494949495
"P167",1,"p2","b3","rufinamide",12.9,13,9.4,9.8,"relative_removal",-4.25531914893617,-5.33333333333334,1.62234042553191
"P167",2,"p1","b3","acesulfame",4,4.1,4.9,4.2,"relative_removal",14.2857142857143,2.17391304347825,13.3928571428571
"P167",2,"p1","b3","atenolol",9.1,9.1,3.8,3,"relative_removal",21.0526315789474,3.125,24.1626794258373
"P167",2,"p1","b3","chlorpropham",21,21,4,2.8,"relative_removal",30,30,19.4949494949495
"P167",2,"p2","b3","rufinamide",12.9,12.9,7.5,7.9,"relative_removal",-5.33333333333334,-5.33333333333334,1.62234042553191
"P167",3,"p1","b3","acesulfame",4.1,4.1,4.6,4.5,"relative_removal",2.17391304347825,2.17391304347825,13.3928571428571
"P167",3,"p1","b3","atenolol",9.1,9.1,3.2,3.1,"relative_removal",3.125,3.125,24.1626794258373
"P167",3,"p1","b3","chlorpropham",21,21,4.5,3.3,"relative_removal",26.6666666666667,30,19.4949494949495
"P167",3,"p2","b3","rufinamide",12.9,12.9,8,8.6,"relative_removal",-7.5,-5.33333333333334,1.62234042553191
"P168",1,"p1","b3","acesulfame",4.2,4,3.8,4.5,"relative_removal",-18.421052631579,2.22222222222221,17.7211646136618
"P168",1,"p1","b3","atenolol",9.2,9.2,2,2.9,"relative_removal",-45,-5.88235294117648,31.3235294117647
"P168",1,"p1","b3","chlorpropham",21.3,21.3,9.9,2.7,"relative_removal",72.7272727272727,51.3513513513513,45.1871657754011
"P168",1,"p2","b3","rufinamide",12.9,13,10.4,10.3,"relative_removal",0.961538461538458,-10.7142857142857,6.6605445116681
"P168",2,"p1","b3","acesulfame",4,4.1,4.5,4.4,"relative_removal",2.22222222222221,2.22222222222221,17.7211646136618
"P168",2,"p1","b3","atenolol",9.1,9.1,3.4,3.6,"relative_removal",-5.88235294117648,-5.88235294117648,31.3235294117647
"P168",2,"p1","b3","chlorpropham",21,21,3.7,1.8,"relative_removal",51.3513513513513,51.3513513513513,45.1871657754011
"P168",2,"p2","b3","rufinamide",12.9,12.9,8.4,9.3,"relative_removal",-10.7142857142857,-10.7142857142857,6.6605445116681
"P168",3,"p1","b3","acesulfame",4.1,4.1,4.7,3.9,"relative_removal",17.0212765957447,2.22222222222221,17.7211646136618
"P168",3,"p1","b3","atenolol",9.1,9.1,3.4,2.8,"relative_removal",17.6470588235294,-5.88235294117648,31.3235294117647
"P168",3,"p1","b3","chlorpropham",21,21,3.4,4,"relative_removal",-17.6470588235294,51.3513513513513,45.1871657754011
"P168",3,"p2","b3","rufinamide",12.9,12.9,8.9,10,"relative_removal",-12.3595505617977,-10.7142857142857,6.6605445116681
"P180",1,"p1","b4","acesulfame",4.2,4.2,3.9,3.7,"relative_removal",5.12820512820512,-5,6.13553113553113
"P180",1,"p1","b4","atenolol",9.2,9.2,2.2,1.7,"relative_removal",22.7272727272727,-20,23.030303030303
"P180",1,"p1","b4","chlorpropham",21.3,21.3,7.9,6.1,"relative_removal",22.7848101265823,57.5757575757576,25.9409282700422
"P180",1,"p2","b4","rufinamide",13,13,10.2,10.7,"relative_removal",-4.90196078431373,-4.90196078431373,4.52303442833185
"P180",2,"p1","b4","acesulfame",4,4,4.2,4.5,"relative_removal",-7.14285714285714,-5,6.13553113553113
"P180",2,"p1","b4","atenolol",9.2,9.2,3,3.6,"relative_removal",-20,-20,23.030303030303
"P180",2,"p1","b4","chlorpropham",21.2,21.2,6.6,2.8,"relative_removal",57.5757575757576,57.5757575757576,25.9409282700422
"P180",2,"p2","b4","rufinamide",12.9,12.9,10.9,10.5,"relative_removal",3.6697247706422,-4.90196078431373,4.52303442833185
"P180",3,"p1","b4","acesulfame",4.1,4,4,4.2,"relative_removal",-5,-5,6.13553113553113
"P180",3,"p1","b4","atenolol",9.2,9.2,3,3.7,"relative_removal",-23.3333333333333,-20,23.030303030303
"P180",3,"p1","b4","chlorpropham",21.2,21.2,7.5,1.9,"relative_removal",74.6666666666667,57.5757575757576,25.9409282700422
"P180",3,"p2","b4","rufinamide",12.9,12.9,9.3,9.8,"relative_removal",-5.37634408602151,-4.90196078431373,4.52303442833185
"P182",1,"p1","b4","acesulfame",4.1,4.2,3.9,3.6,"relative_removal",7.69230769230769,0,24.1164241164241
"P182",1,"p1","b4","atenolol",9.2,9.2,2.6,2.1,"relative_removal",19.2307692307692,-31.0344827586207,38.9257294429708
"P182",1,"p1","b4","chlorpropham",21.3,21.3,7.8,6.3,"relative_removal",19.2307692307692,77.7777777777778,33.5664335664336
"P182",1,"p2","b4","rufinamide",13,13,10.3,10,"relative_removal",2.91262135922331,-6.02409638554217,9.14861837191935
"P182",2,"p1","b4","acesulfame",4.1,4,3.7,5.2,"relative_removal",-40.5405405405405,0,24.1164241164241
"P182",2,"p1","b4","atenolol",9.2,9.2,2.9,4.6,"relative_removal",-58.6206896551724,-31.0344827586207,38.9257294429708
"P182",2,"p1","b4","chlorpropham",21.2,21.2,6.6,0.9,"relative_removal",86.3636363636364,77.7777777777778,33.5664335664336
"P182",2,"p2","b4","rufinamide",12.9,12.9,7.8,9,"relative_removal",-15.3846153846154,-6.02409638554217,9.14861837191935
"P182",3,"p1","b4","acesulfame",4.1,4,4.3,4.3,"relative_removal",0,0,24.1164241164241
"P182",3,"p1","b4","atenolol",9.2,9.2,2.9,3.8,"relative_removal",-31.0344827586207,-31.0344827586207,38.9257294429708
"P182",3,"p1","b4","chlorpropham",21.2,21.2,7.2,1.6,"relative_removal",77.7777777777778,77.7777777777778,33.5664335664336
"P182",3,"p2","b4","rufinamide",12.9,12.9,8.3,8.8,"relative_removal",-6.02409638554217,-6.02409638554217,9.14861837191935
"P190",1,"p1","b4","acesulfame",4.2,4.1,4.1,3.9,"relative_removal",4.8780487804878,-5.12820512820512,21.9512195121951
"P190",1,"p1","b4","atenolol",9.2,9.2,2.6,2.4,"relative_removal",7.6923076923077,-34.4827586206897,41.3461538461539
"P190",1,"p1","b4","chlorpropham",21.3,21.3,7.2,6,"relative_removal",16.6666666666667,76,34.7435897435897
"P190",1,"p2","b4","rufinamide",13,13,9.9,10.7,"relative_removal",-8.08080808080807,-1.31578947368422,10.8112373737374
"P190",2,"p1","b4","acesulfame",4.1,4.1,4.1,5.7,"relative_removal",-39.0243902439025,-5.12820512820512,21.9512195121951
"P190",2,"p1","b4","atenolol",9.2,9.2,2.8,4.9,"relative_removal",-75,-34.4827586206897,41.3461538461539
"P190",2,"p1","b4","chlorpropham",21.2,21.2,6.5,0.9,"relative_removal",86.1538461538461,76,34.7435897435897
"P190",2,"p2","b4","rufinamide",12.9,12.9,7.6,7.7,"relative_removal",-1.31578947368422,-1.31578947368422,10.8112373737374
"P190",3,"p1","b4","acesulfame",4.1,4,3.9,4.1,"relative_removal",-5.12820512820512,-5.12820512820512,21.9512195121951
"P190",3,"p1","b4","atenolol",9.2,9.2,2.9,3.9,"relative_removal",-34.4827586206897,-34.4827586206897,41.3461538461539
"P190",3,"p1","b4","chlorpropham",21.2,21.2,7.5,1.8,"relative_removal",76,76,34.7435897435897
"P190",3,"p2","b4","rufinamide",12.9,12.9,9.6,8.3,"relative_removal",13.5416666666667,-1.31578947368422,10.8112373737374
"P192",1,"p1","b4","acesulfame",4.2,4.2,4,3.8,"relative_removal",5,-2.43902439024392,26.7857142857143
"P192",1,"p1","b4","atenolol",9.2,9.2,2.2,2.1,"relative_removal",4.54545454545455,-24.1379310344828,34.965034965035
"P192",1,"p1","b4","chlorpropham",21.3,21.3,7.2,6,"relative_removal",16.6666666666667,67.0886075949367,28.9906103286385
"P192",1,"p2","b4","rufinamide",13,13,9.7,10.6,"relative_removal",-9.27835051546392,-15.5844155844156,4.51575431973284
"P192",2,"p1","b4","acesulfame",4.1,4.1,3.5,5.2,"relative_removal",-48.5714285714286,-2.43902439024392,26.7857142857143
"P192",2,"p1","b4","atenolol",9.2,9.2,2.6,4.3,"relative_removal",-65.3846153846154,-24.1379310344828,34.965034965035
"P192",2,"p1","b4","chlorpropham",21.2,21.2,7.1,1.8,"relative_removal",74.6478873239437,67.0886075949367,28.9906103286385
"P192",2,"p2","b4","rufinamide",12.9,12.9,7.1,8.4,"relative_removal",-18.3098591549296,-15.5844155844156,4.51575431973284
"P192",3,"p1","b4","acesulfame",4.1,4,4.1,4.2,"relative_removal",-2.43902439024392,-2.43902439024392,26.7857142857143
"P192",3,"p1","b4","atenolol",9.2,9.2,2.9,3.6,"relative_removal",-24.1379310344828,-24.1379310344828,34.965034965035
"P192",3,"p1","b4","chlorpropham",21.2,21.2,7.9,2.6,"relative_removal",67.0886075949367,67.0886075949367,28.9906103286385
"P192",3,"p2","b4","rufinamide",12.9,12.9,7.7,8.9,"relative_removal",-15.5844155844156,-15.5844155844156,4.51575431973284
"P197",1,"p1","b4","acesulfame",4.1,4.1,4,3.8,"relative_removal",5,-11.1111111111111,13.3108108108108
"P197",1,"p1","b4","atenolol",9.2,9.2,2.6,2.5,"relative_removal",3.84615384615385,-7.69230769230768,22.2934472934473
"P197",1,"p1","b4","chlorpropham",21.3,21.3,7.6,6.2,"relative_removal",18.4210526315789,18.4210526315789,27.6268115942029
"P197",1,"p2","b4","rufinamide",13,NA,9.6,0,"relative_removal",100,-2.94117647058824,54.3478260869565
"P197",2,"p1","b4","acesulfame",4.1,4.1,3.6,4,"relative_removal",-11.1111111111111,-11.1111111111111,13.3108108108108
"P197",2,"p1","b4","atenolol",9.2,9.2,2.6,2.8,"relative_removal",-7.69230769230768,-7.69230769230768,22.2934472934473
"P197",2,"p1","b4","chlorpropham",21.2,21.2,6.9,6.4,"relative_removal",7.2463768115942,18.4210526315789,27.6268115942029
"P197",2,"p2","b4","rufinamide",12.9,12.9,10.2,10.5,"relative_removal",-2.94117647058824,-2.94117647058824,54.3478260869565
"P197",3,"p1","b4","acesulfame",4.1,4.1,3.7,4.5,"relative_removal",-21.6216216216216,-11.1111111111111,13.3108108108108
"P197",3,"p1","b4","atenolol",9.2,9.2,2.7,3.8,"relative_removal",-40.7407407407407,-7.69230769230768,22.2934472934473
"P197",3,"p1","b4","chlorpropham",21.2,21.2,7.2,2.7,"relative_removal",62.5,18.4210526315789,27.6268115942029
"P197",3,"p2","b4","rufinamide",12.9,12.9,9.2,10,"relative_removal",-8.69565217391305,-2.94117647058824,54.3478260869565
"P198",1,"p1","b4","acesulfame",4.2,4.2,3.9,3.8,"relative_removal",2.56410256410257,-11.9047619047619,8.78205128205128
"P198",1,"p1","b4","atenolol",9.2,9.2,2.6,2.5,"relative_removal",3.84615384615385,-16.6666666666667,19.1644562334218
"P198",1,"p1","b4","chlorpropham",21.3,21.3,7.3,6.2,"relative_removal",15.0684931506849,40.2985074626866,28.952239911144
"P198",1,"p2","b4","rufinamide",13,13,9.7,10.5,"relative_removal",-8.24742268041238,-12.1951219512195,3.01914580265096
"P198",2,"p1","b4","acesulfame",4,4,4.2,4.7,"relative_removal",-11.9047619047619,-11.9047619047619,8.78205128205128
"P198",2,"p1","b4","atenolol",9.2,9.2,3,3.5,"relative_removal",-16.6666666666667,-16.6666666666667,19.1644562334218
"P198",2,"p1","b4","chlorpropham",21.2,21.2,6.7,4,"relative_removal",40.2985074626866,40.2985074626866,28.952239911144
"P198",2,"p2","b4","rufinamide",12.9,12.9,7.7,8.8,"relative_removal",-14.2857142857143,-12.1951219512195,3.01914580265096
"P198",3,"p1","b4","acesulfame",4.1,4.1,4,4.6,"relative_removal",-15,-11.9047619047619,8.78205128205128
"P198",3,"p1","b4","atenolol",9.2,9.2,2.9,3.9,"relative_removal",-34.4827586206897,-16.6666666666667,19.1644562334218
"P198",3,"p1","b4","chlorpropham",21.2,21.2,7.4,2,"relative_removal",72.972972972973,40.2985074626866,28.952239911144
"P198",3,"p2","b4","rufinamide",12.9,12.9,8.2,9.2,"relative_removal",-12.1951219512195,-12.1951219512195,3.01914580265096
"P200",1,"p1","b4","acesulfame",4.1,4.2,3.7,3.8,"relative_removal",-2.70270270270269,-9.75609756097562,8.40474620962427
"P200",1,"p1","b4","atenolol",9.2,9.2,2.3,2.3,"relative_removal",0,-23.3333333333333,26.6666666666667
"P200",1,"p1","b4","chlorpropham",21.3,21.3,7.6,6.2,"relative_removal",18.4210526315789,63.6363636363636,31.6345441067457
"P200",1,"p2","b4","rufinamide",13,13,9.8,11,"relative_removal",-12.2448979591837,-12.2448979591837,2.10091420534458
"P200",2,"p1","b4","acesulfame",4.1,4,4.1,4.9,"relative_removal",-19.5121951219512,-9.75609756097562,8.40474620962427
"P200",2,"p1","b4","atenolol",9.2,9.2,3,4.6,"relative_removal",-53.3333333333333,-23.3333333333333,26.6666666666667
"P200",2,"p1","b4","chlorpropham",21.2,21.2,7.1,1.3,"relative_removal",81.6901408450704,63.6363636363636,31.6345441067457
"P200",2,"p2","b4","rufinamide",12.9,12.9,7.2,7.9,"relative_removal",-9.72222222222222,-12.2448979591837,2.10091420534458
"P200",3,"p1","b4","acesulfame",4.1,4.1,4.1,4.5,"relative_removal",-9.75609756097562,-9.75609756097562,8.40474620962427
"P200",3,"p1","b4","atenolol",9.2,9.2,3,3.7,"relative_removal",-23.3333333333333,-23.3333333333333,26.6666666666667
"P200",3,"p1","b4","chlorpropham",21.2,21.2,7.7,2.8,"relative_removal",63.6363636363636,63.6363636363636,31.6345441067457
"P200",3,"p2","b4","rufinamide",12.9,12.9,7.9,9,"relative_removal",-13.9240506329114,-12.2448979591837,2.10091420534458
"S146A",1,"p1","b1","acesulfame",4.2,3.9,4.5,5.1,"relative_removal",-13.3333333333333,-3.70046620046619,22.4024979380228
"S146A",1,"p1","b1","atenolol",9.2,9.2,2.1,2.6,"relative_removal",-23.8095238095238,2.07692307692308,35.760989010989
"S146A",1,"p1","b1","chlorpropham",21.3,21.3,9.1,2.4,"relative_removal",73.6263736263736,53.203607024205,31.6168206793207
"S146A",1,"p1","b2","acesulfame",4.1,4,5,5.5,"relative_removal",-10,-3.70046620046619,22.4024979380228
"S146A",1,"p1","b2","atenolol",9.2,9.2,2.4,3,"relative_removal",-25,2.07692307692308,35.760989010989
"S146A",1,"p1","b2","chlorpropham",21.3,21.3,10.1,2.5,"relative_removal",75.2475247524752,53.203607024205,31.6168206793207
"S146A",1,"p1","b3","acesulfame",4.2,4,3.4,4.3,"relative_removal",-26.4705882352941,-3.70046620046619,22.4024979380228
"S146A",1,"p1","b3","atenolol",9.2,9.2,2,2.8,"relative_removal",-40,2.07692307692308,35.760989010989
"S146A",1,"p1","b3","chlorpropham",21.3,21.3,9.9,3,"relative_removal",69.6969696969697,53.203607024205,31.6168206793207
"S146A",1,"p1","b4","acesulfame",4.1,4.2,3.9,3.7,"relative_removal",5.12820512820512,-3.70046620046619,22.4024979380228
"S146A",1,"p1","b4","atenolol",9.2,9.2,2.6,2.3,"relative_removal",11.5384615384615,2.07692307692308,35.760989010989
"S146A",1,"p1","b4","chlorpropham",21.3,21.3,7.7,6,"relative_removal",22.0779220779221,53.203607024205,31.6168206793207
"S146A",1,"p2","b1","rufinamide",12.9,13,9,9.8,"relative_removal",-8.8888888888889,-11.1857401188323,11.0766155896069
"S146A",1,"p2","b2","rufinamide",12.9,13,9.1,11.2,"relative_removal",-23.0769230769231,-11.1857401188323,11.0766155896069
"S146A",1,"p2","b3","rufinamide",12.9,13,9.6,9.6,"relative_removal",0,-11.1857401188323,11.0766155896069
"S146A",1,"p2","b4","rufinamide",13,13,10,10.7,"relative_removal",-6.99999999999999,-11.1857401188323,11.0766155896069
"S146A",2,"p1","b1","acesulfame",4,4,4.4,4.5,"relative_removal",-2.27272727272726,-3.70046620046619,22.4024979380228
"S146A",2,"p1","b1","atenolol",9.2,9.1,2.6,2.7,"relative_removal",-3.84615384615385,2.07692307692308,35.760989010989
"S146A",2,"p1","b1","chlorpropham",21,21,8.6,4.1,"relative_removal",52.3255813953488,53.203607024205,31.6168206793207
"S146A",2,"p1","b2","acesulfame",4.1,4.1,5.3,4,"relative_removal",24.5283018867925,-3.70046620046619,22.4024979380228
"S146A",2,"p1","b2","atenolol",9.2,9.2,3,2.1,"relative_removal",30,2.07692307692308,35.760989010989
"S146A",2,"p1","b2","chlorpropham",21.3,21.3,3.4,2.8,"relative_removal",17.6470588235294,53.203607024205,31.6168206793207
"S146A",2,"p1","b3","acesulfame",4,4.1,4.9,4.3,"relative_removal",12.2448979591837,-3.70046620046619,22.4024979380228
"S146A",2,"p1","b3","atenolol",9.1,9.1,2.8,2.3,"relative_removal",17.8571428571429,2.07692307692308,35.760989010989
"S146A",2,"p1","b3","chlorpropham",21,21,3.2,2,"relative_removal",37.5,53.203607024205,31.6168206793207
"S146A",2,"p1","b4","acesulfame",4.1,4.1,3.4,4.8,"relative_removal",-41.1764705882353,-3.70046620046619,22.4024979380228
"S146A",2,"p1","b4","atenolol",9.2,9.2,2.5,2.9,"relative_removal",-16,2.07692307692308,35.760989010989
"S146A",2,"p1","b4","chlorpropham",21.2,21.2,7.7,1.8,"relative_removal",76.6233766233766,53.203607024205,31.6168206793207
"S146A",2,"p2","b1","rufinamide",12.9,12.9,7.5,10.1,"relative_removal",-34.6666666666667,-11.1857401188323,11.0766155896069
"S146A",2,"p2","b2","rufinamide",12.9,12.9,7.9,9.1,"relative_removal",-15.1898734177215,-11.1857401188323,11.0766155896069
"S146A",2,"p2","b3","rufinamide",12.9,12.9,7.9,8.7,"relative_removal",-10.126582278481,-11.1857401188323,11.0766155896069
"S146A",2,"p2","b4","rufinamide",12.9,12.9,10.9,8.7,"relative_removal",20.1834862385321,-11.1857401188323,11.0766155896069
"S146A",3,"p1","b1","acesulfame",4,4.1,4.1,4.7,"relative_removal",-14.6341463414634,-3.70046620046619,22.4024979380228
"S146A",3,"p1","b1","atenolol",9.1,9.1,2.1,2.8,"relative_removal",-33.3333333333333,2.07692307692308,35.760989010989
"S146A",3,"p1","b1","chlorpropham",21,21,9.8,4.5,"relative_removal",54.0816326530612,53.203607024205,31.6168206793207
"S146A",3,"p1","b2","acesulfame",4.1,4.1,4.5,4.1,"relative_removal",8.8888888888889,-3.70046620046619,22.4024979380228
"S146A",3,"p1","b2","atenolol",9.2,9.2,2.5,2.2,"relative_removal",12,2.07692307692308,35.760989010989
"S146A",3,"p1","b2","chlorpropham",21.3,21.3,4.8,2.9,"relative_removal",39.5833333333333,53.203607024205,31.6168206793207
"S146A",3,"p1","b3","acesulfame",4.1,4.1,4.6,4.2,"relative_removal",8.69565217391303,-3.70046620046619,22.4024979380228
"S146A",3,"p1","b3","atenolol",9.1,9.1,2.5,2.3,"relative_removal",8.00000000000001,2.07692307692308,35.760989010989
"S146A",3,"p1","b3","chlorpropham",21,21,3.8,2.2,"relative_removal",42.1052631578947,53.203607024205,31.6168206793207
"S146A",3,"p1","b4","acesulfame",4.1,4,3.9,4.1,"relative_removal",-5.12820512820512,-3.70046620046619,22.4024979380228
"S146A",3,"p1","b4","atenolol",9.2,9.2,2.8,2.5,"relative_removal",10.7142857142857,2.07692307692308,35.760989010989
"S146A",3,"p1","b4","chlorpropham",21.2,21.2,7.7,2.4,"relative_removal",68.8311688311688,53.203607024205,31.6168206793207
"S146A",3,"p2","b1","rufinamide",12.9,12.9,9.8,11,"relative_removal",-12.2448979591837,-11.1857401188323,11.0766155896069
"S146A",3,"p2","b2","rufinamide",12.9,12.9,9,8.8,"relative_removal",2.22222222222221,-11.1857401188323,11.0766155896069
"S146A",3,"p2","b3","rufinamide",12.9,12.9,8.1,9.3,"relative_removal",-14.8148148148148,-11.1857401188323,11.0766155896069
"S146A",3,"p2","b4","rufinamide",12.9,12.9,7.6,9.1,"relative_removal",-19.7368421052632,-11.1857401188323,11.0766155896069
